id	gold standard passage	top_1	top_3	top_5
0	[31715818]	10608397	10608397;10607877;21257564	10608397;10607877;21257564;994800;14827874
2	[13734012]	13734012	13734012;17333231;13770184	13734012;17333231;13770184;42240424;3716075
4	[22942787]	7165938	7165938;1387104;52188256	7165938;1387104;52188256;520579;43334921
6	[2613775]	23117378	23117378;21050357;2613775	23117378;21050357;2613775;20240998;35521287
9	[44265107]	44265107	44265107;24700152;14647747	44265107;24700152;14647747;25182647;32787042
10	[32587939]	13780287	13780287;4399311;16712164	13780287;4399311;16712164;32587939;25510546
11	[32587939]	13780287	13780287;4399311;16712164	13780287;4399311;16712164;32587939;25510546
12	[33409100]	11705328	11705328;33409100;43557480	11705328;33409100;43557480;21636085;23377475
14	[641786]	1373287	1373287;6421792;393001	1373287;6421792;393001;22712546;9451684
15	[22080671]	24766509	24766509;8891333;25985964	24766509;8891333;25985964;1848452;15728433
17	[1606628]	7662395	7662395;17450673;30786800	7662395;17450673;30786800;5487448;16322674
18	[22942787]	7165938	7165938;1387104;52188256	7165938;1387104;52188256;520579;43334921
19	[3202143]	36178047	36178047;13072113;21232018	36178047;13072113;21232018;16627684;12039953
20	[3202143]	36178047	36178047;13072113;21232018	36178047;13072113;21232018;16627684;12039953
21	[41493639]	41493639	41493639;26611094;13843341	41493639;26611094;13843341;19464037;23862975
22	[6490571]	25451374	25451374;6490571;73473433	25451374;6490571;73473433;14682243;13934676
24	[3471191]	1900152	1900152;7975937;52180874	1900152;7975937;52180874;15128866;1454773
25	[2613775]	23117378	23117378;21050357;2613775	23117378;21050357;2613775;20240998;35521287
26	[32390525]	3613041	3613041;22517564;4336849	3613041;22517564;4336849;38410121;29634262
27	[32390525]	3613041	3613041;22517564;4336849	3613041;22517564;4336849;38410121;29634262
28	[12670680]	28015516	28015516;28149602;14938990	28015516;28149602;14938990;5448119;12670680
30	[24341590]	13069283	13069283;313403;12438901	13069283;313403;12438901;17163294;2140497
32	[12428497]	12428497	12428497;2264455;8883846	12428497;2264455;8883846;27527854;33723822
34	[11705328]	37424881	37424881;8595678;42441846	37424881;8595678;42441846;11705328;3215494
35	[5152028, 11705328]	42441846	42441846;33409100;23267371	42441846;33409100;23267371;11705328;21380348
37	[5152028, 11705328]	12810152	12810152;4416964;33409100	12810152;4416964;33409100;16252863;23267371
39	[13497630]	34198460	34198460;13497630;11109043	34198460;13497630;11109043;4423220;1727493
40	[13497630]	34198460	34198460;13497630;11109043	34198460;13497630;11109043;4423220;1727493
41	[18174210]	40913091	40913091;18174210;45218443	40913091;18174210;45218443;10128893;27162821
43	[7224723]	7224723	7224723;5398179;25134146	7224723;5398179;25134146;35987381;26124606
44	[56893404]	2138843	2138843;24704139;120626	2138843;24704139;120626;17656445;41264017
45	[56893404]	17324544	17324544;17656445;2138843	17324544;17656445;2138843;41264017;13938878
46	[380526]	380526	380526;43329366;17625068	380526;43329366;17625068;4632921;13831558
47	[3512154, 26996935]	26996935	26996935;3512154;11336632	26996935;3512154;11336632;41329906;28707489
52	[45638119]	2140497	2140497;313403;4886637	2140497;313403;4886637;32534305;25973484
55	[49556906]	3419709	3419709;26025820;49556906	3419709;26025820;49556906;9899292;19313533
58	[4709641]	4709641	4709641;22116439;22185730	4709641;22116439;22185730;11659421;11674288
60	[13899137, 13901073]	374902	374902;25134146;13899137	374902;25134146;13899137;5735492;13914633
61	[13899137, 13901073]	374902	374902;13899137;25134146	374902;13899137;25134146;5735492;13914633
62	[32587939]	13780287	13780287;4399311;25510546	13780287;4399311;25510546;32587939;5687200
63	[40349336]	21295300	21295300;38131471;12909503	21295300;38131471;12909503;5572127;30122260
64	[40349336]	21295300	21295300;38131471;12909503	21295300;38131471;12909503;30122260;5572127
66	[14806256]	39443128	39443128;10326242;25388309	39443128;10326242;25388309;8925851;6315132
67	[21295300]	21295300	21295300;29422484;38131471	21295300;29422484;38131471;5572127;12909503
68	[21295300]	21295300	21295300;29422484;28697248	21295300;29422484;28697248;13907427;29429111
69	[5956380, 4414547]	5956380	5956380;9669099;21307488	5956380;9669099;21307488;4389394;23985464
71	[1127562]	1127562	1127562;4373445;18231257	1127562;4373445;18231257;8290953;36089763
73	[6076903]	1031534	1031534;6076903;17119869	1031534;6076903;17119869;15953181;14492964
74	[4387784]	13965483	13965483;25657127;36233757	13965483;25657127;36233757;37768883;22703082
76	[5531479]	5531479	5531479;3495456;52925737	5531479;3495456;52925737;28015516;12058271
77	[5531479]	5531479	5531479;3495456;52925737	5531479;3495456;52925737;12058271;9878167
78	[5099266]	5099266	5099266;4407455;38043606	5099266;4407455;38043606;13583521;4345315
79	[5099266]	5099266	5099266;4407455;6000423	5099266;4407455;6000423;13583521;4345315
80	[4920376]	17462437	17462437;3210545;4320424	17462437;3210545;4320424;36310858;7317051
81	[1797622]	16964262	16964262;38919140;18038250	16964262;38919140;18038250;1797622;16939583
82	[3619372]	21387297	21387297;1905095;4427392	21387297;1905095;4427392;4020950;16375102
85	[7521113, 22406695]	3155731	3155731;12827098;4928057	3155731;12827098;4928057;7521113;2192419
86	[7521113, 22406695]	3155731	3155731;12827098;4928057	3155731;12827098;4928057;7521113;2192419
88	[7521113, 22406695]	3155731	3155731;12827098;13116880	3155731;12827098;13116880;25300426;16627684
89	[7521113, 22406695]	24594624	24594624;4254064;25068298	24594624;4254064;25068298;3155731;22973574
90	[22406695]	24594624	24594624;4254064;25068298	24594624;4254064;25068298;3155731;22973574
91	[1084345]	6580081	6580081;13000926;6153754	6580081;13000926;6153754;13823200;43700577
92	[1084345]	6580081	6580081;13000926;6153754	6580081;13000926;6153754;13823200;27076725
93	[2692522]	4399311	4399311;15435343;34469966	4399311;15435343;34469966;32533299;6000423
95	[1215116]	15879544	15879544;13966946;7433668	15879544;13966946;7433668;196664003;34760396
96	[14500725]	14500725	14500725;3662510;409280	14500725;3662510;409280;72180760;9274291
98	[6540064]	6540064	6540064;37205759;1122198	6540064;37205759;1122198;30351165;18852643
104	[40164383]	32159283	32159283;34873974;40164383	32159283;34873974;40164383;20526907;14823313
105	[36606083]	36606083	36606083;25787749;8227227	36606083;25787749;8227227;164189;31514338
106	[25515907, 5151024]	25515907	25515907;5151024;54490092	25515907;5151024;54490092;4506414;11071351
108	[6191684, 22995579, 23865182]	22995579	22995579;6191684;24510595	22995579;6191684;24510595;14606752;23865182
109	[4319174]	29381091	29381091;4319174;14865329	29381091;4319174;14865329;4854076;970012
111	[13513790]	7581911	7581911;23418635;13777138	7581911;23418635;13777138;36651210;17702490
112	[6157837]	1759213	1759213;26199970;6157837	1759213;26199970;6157837;14584755;24049225
114	[33872649]	33872649	33872649;21789744;4942718	33872649;21789744;4942718;2140513;15194125
116	[33872649]	33872649	33872649;2140513;4942718	33872649;2140513;4942718;3095620;15953181
119	[14606752]	5691302	5691302;14566771;15984735	5691302;14566771;15984735;38369817;39390206
120	[14606752]	5691302	5691302;14566771;15984735	5691302;14566771;15984735;38369817;39390206
121	[31460499]	20132778	20132778;43165768;24157077	20132778;43165768;24157077;12801438;31460499
122	[31460499]	20132778	20132778;43165768;24157077	20132778;43165768;24157077;12801438;31460499
123	[4883040]	4883040	4883040;31363207;24241932	4883040;31363207;24241932;21878751;7111021
126	[24512064]	5867846	5867846;27063470;23985464	5867846;27063470;23985464;24512064;42291761
134	[4695046]	20188586	20188586;35087728;39059143	20188586;35087728;39059143;17779800;14395738
138	[26016929]	26016929	26016929;21274919;10536636	26016929;21274919;10536636;20606520;21636085
139	[22080671]	24640046	24640046;6807122;15678772	24640046;6807122;15678772;3847200;37912677
144	[10582939]	10582939	10582939;24766509;25985964	10582939;24766509;25985964;8891333;15728433
149	[6227220]	6227220	6227220;10463997;195352	6227220;10463997;195352;120626;24872571
152	[15488881]	15488881	15488881;21456232;15058155	15488881;21456232;15058155;38587347;36642096
153	[4702639]	2272614	2272614;25895285;9929089	2272614;25895285;9929089;711256;16494316
154	[4702639]	2272614	2272614;25895285;9929089	2272614;25895285;9929089;711256;16494316
155	[37549932]	34439544	34439544;4323425;16550075	34439544;4323425;16550075;8496132;22890091
156	[37549932]	34439544	34439544;4323425;16550075	34439544;4323425;16550075;8496132;22890091
157	[13439128]	13771184	13771184;2904102;13439128	13771184;2904102;13439128;39637840;16217855
159	[9394119]	9394119	9394119;2015126;3285322	9394119;2015126;3285322;22975806;17088791
160	[52874170]	52874170	52874170;23816832;27866735	52874170;23816832;27866735;5260382;25079962
161	[6903077]	20187433	20187433;6903077;28931537	20187433;6903077;28931537;28338268;13868795
164	[5824985]	5824985	5824985;18872233;7165938	5824985;18872233;7165938;29022271;43220289
165	[5824985]	5824985	5824985;25973484;18872233	5824985;25973484;18872233;29022271;13831842
166	[18872233]	18872233	18872233;5824985;29022271	18872233;5824985;29022271;43220289;29845974
167	[18872233]	18872233	18872233;5824985;29022271	18872233;5824985;29022271;29845974;43220289
168	[5824985]	5824985	5824985;18872233;29022271	5824985;18872233;29022271;7165938;43220289
169	[5824985]	5824985	5824985;25973484;18872233	5824985;25973484;18872233;29022271;13831842
172	[12670680]	12670680	12670680;28015516;28149602	12670680;28015516;28149602;14938990;5448119
173	[8126244]	8411251	8411251;20524091;20781656	8411251;20524091;20781656;29877890;13907427
174	[1710116]	79336156	79336156;6985854;10624000	79336156;6985854;10624000;11615242;4340358
175	[1710116]	79336156	79336156;6985854;10624000	79336156;6985854;10624000;4340358;11615242
176	[32587939]	13780287	13780287;4399311;25510546	13780287;4399311;25510546;32587939;5687200
177	[9669099]	9669099	9669099;42489926;43880096	9669099;42489926;43880096;7225911;4389394
178	[16322674, 27123743, 23557241, 17450673]	17450673	17450673;16322674;2140497	17450673;16322674;2140497;37480103;5487448
181	[16966326]	16966326	16966326;9217800;6492658	16966326;9217800;6492658;14434123;13717103
182	[11369420]	19510470	19510470;10795340;8385277	19510470;10795340;8385277;23032247;4387494
184	[12827098]	23032247	23032247;46193388;44562221	23032247;46193388;44562221;10078024;7583161
186	[16855829]	17374970	17374970;16855829;12789595	17374970;16855829;12789595;84580585;2867345
187	[16855829]	17374970	17374970;16855829;12789595	17374970;16855829;12789595;84580585;2867345
189	[4421578]	5560962	5560962;4373433;3566945	5560962;4373433;3566945;23915841;4421578
196	[19313533]	19313533	19313533;9899292;3973445	19313533;9899292;3973445;26025820;3419709
197	[2177022]	2177022	2177022;40590358;12100963	2177022;40590358;12100963;13778710;23938319
199	[2177022]	2177022	2177022;13778710;20186814	2177022;13778710;20186814;23634484;40590358
200	[18231807]	13868795	13868795;35651106;8038329	13868795;35651106;8038329;28006126;18231807
201	[2462673]	13868795	13868795;2462673;35651106	13868795;2462673;35651106;28006126;8038329
203	[9558539]	9558539	9558539;8891333;87430549	9558539;8891333;87430549;21676556;52188256
204	[7898952]	470625	470625;7898952;3583084	470625;7898952;3583084;4414547;7028976
205	[7898952, 470625]	470625	470625;7898952;3583084	470625;7898952;3583084;4414547;7028976
209	[32587939]	13780287	13780287;4399311;25510546	13780287;4399311;25510546;32587939;5687200
210	[13794374]	13794374	13794374;14019636;6290112	13794374;14019636;6290112;8458567;3858268
211	[13794374]	14019636	14019636;44737533;6290112	14019636;44737533;6290112;20261352;5137019
214	[13625993]	27054878	27054878;13625993;35271381	27054878;13625993;35271381;20887554;40156901
220	[19205437]	19205437	19205437;37964706;1590744	19205437;37964706;1590744;25050364;36558211
221	[19205437]	19205437	19205437;37964706;36838958	19205437;37964706;36838958;7869794;5094468
222	[19205437]	19205437	19205437;37964706;36838958	19205437;37964706;36838958;29691654;7869794
223	[2014909]	42465769	42465769;2014909;27647593	42465769;2014909;27647593;5483793;4430962
224	[6944800]	32742683	32742683;952111;10812605	32742683;952111;10812605;24349992;3727986
225	[6944800]	952111	952111;3727986;9648896	952111;3727986;9648896;32742683;24349992
226	[6944800]	952111	952111;3727986;9648896	952111;3727986;9648896;32742683;24349992
227	[26973393]	26973393	26973393;22980205;22401720	26973393;22980205;22401720;34066665;5406411
228	[4928057]	4928057	4928057;3155731;12827098	4928057;3155731;12827098;4460880;7521113
229	[56893404]	17324544	17324544;17656445;2138843	17324544;17656445;2138843;19278208;56893404
235	[4388470]	4388470	4388470;6913227;86129154	4388470;6913227;86129154;28390999;4405194
241	[2212067, 10608822]	14240343	14240343;8816869;19979816	14240343;8816869;19979816;27247460;11557602
242	[2212067, 10608822]	8816869	8816869;19979816;27247460	8816869;19979816;27247460;11557602;14240343
243	[8148122]	8759633	8759633;8148122;3174305	8759633;8148122;3174305;24766509;36651210
244	[21498497]	21498497	21498497;188911;14644164	21498497;188911;14644164;23273454;32927401
245	[8447873, 3430789]	22547508	22547508;19132741;33203108	22547508;19132741;33203108;12209494;41294031
246	[8447873, 3430789]	22547508	22547508;19132741;33203108	22547508;19132741;33203108;12209494;25104843
247	[13578199]	10669582	10669582;44420873;10474873	10669582;44420873;10474873;6153754;27076725
250	[1568684]	4854076	4854076;29381091;4319174	4854076;29381091;4319174;14865329;9178310
251	[1568684]	4854076	4854076;14865329;29381091	4854076;14865329;29381091;4319174;52865789
253	[37424881]	42441846	42441846;8595678;37424881	42441846;8595678;37424881;10557471;19278208
254	[37424881]	42441846	42441846;8595678;37424881	42441846;8595678;37424881;10557471;19278208
255	[5850219]	5850219	5850219;3413083;75636923	5850219;3413083;75636923;829646;32357890
256	[5850219]	5850219	5850219;3413083;829646	5850219;3413083;829646;75636923;6876224
258	[22080671]	29509926	29509926;25315295;25148216	29509926;25315295;25148216;30908508;6144969
259	[8883846]	35987381	35987381;44562058;22227889	35987381;44562058;22227889;2824347;20261352
262	[14610165]	14050257	14050257;18924534;5519177	14050257;18924534;5519177;9655347;515489
263	[11328820, 30041340, 14853989]	11328820	11328820;30041340;9878167	11328820;30041340;9878167;3330111;36089763
264	[11328820]	11328820	11328820;30041340;17741440	11328820;30041340;17741440;9878167;3330111
265	[2033917]	2033917	2033917;4391685;14205246	2033917;4391685;14205246;11674596;1684489
266	[22405338]	7878807	7878807;22405338;7492420	7878807;22405338;7492420;11968641;18374364
267	[5912283, 31554917]	24865781	24865781;5912283;7627167	24865781;5912283;7627167;24346598;50670403
272	[11614737]	11614737	11614737;5114940;24019260	11614737;5114940;24019260;5551138;13814480
277	[14376683]	14376683	14376683;83667891;37677954	14376683;83667891;37677954;8979167;35711485
278	[14376683]	14376683	14376683;83667891;37677954	14376683;83667891;37677954;46193478;335029
280	[25001628]	25001628	25001628;5238341;44387884	25001628;5238341;44387884;2931832;14075252
281	[4632921]	6544701	6544701;25821556;4457834	6544701;25821556;4457834;11674288;4632921
283	[1974176]	1974176	1974176;9822397;32534305	1974176;9822397;32534305;2138843;25571386
285	[5548081]	5548081	5548081;21216726;1805641	5548081;21216726;1805641;21859699;8133050
286	[4709641]	4709641	4709641;47018050;4405194	4709641;47018050;4405194;432261;86211914
287	[4709641]	4709641	4709641;4405194;47018050	4709641;4405194;47018050;432261;86211914
290	[15048300]	70439309	70439309;15048300;15670968	70439309;15048300;15670968;45461275;5151024
292	[15048300]	70439309	70439309;15048300;15670968	70439309;15048300;15670968;11117498;39984099
293	[10874408]	10086360	10086360;32638085;21170174	10086360;32638085;21170174;9704467;13949015
296	[4398832]	4398832	4398832;45875990;6472746	4398832;45875990;6472746;23356816;14205246
299	[39381118]	39381118	39381118;23403754;10698739	39381118;23403754;10698739;13931771;9588931
301	[3553087]	15551129	15551129;16120395;3553087	15551129;16120395;3553087;4421742;22483580
304	[14797520]	14797520	14797520;9379687;12149169	14797520;9379687;12149169;32275758;1695604
305	[14797520]	14797520	14797520;1354567;9379687	14797520;1354567;9379687;12149169;32275758
306	[7821634]	7821634	7821634;15248287;5503194	7821634;15248287;5503194;30580263;40901687
308	[7821634]	7821634	7821634;28651643;4920376	7821634;28651643;4920376;24554740;2272614
309	[7821634]	7821634	7821634;30580263;37444589	7821634;30580263;37444589;23403754;11569583
310	[6173523]	15966318	15966318;13914198;32770503	15966318;13914198;32770503;14464451;13618987
313	[6173523]	15966318	15966318;13914198;32770503	15966318;13914198;32770503;14464451;17447653
315	[3701541]	26735905	26735905;25576204;10463997	26735905;25576204;10463997;15728433;946756
316	[712078]	20732789	20732789;9159125;2443495	20732789;9159125;2443495;24828165;6923961
317	[4506414]	4506414	4506414;30058568;202259	4506414;30058568;202259;19854543;30639847
323	[2014909]	23816832	23816832;4658268;22174015	23816832;4658268;22174015;36345185;654735
325	[40349336]	21295300	21295300;5572127;43192375	21295300;5572127;43192375;10145528;14178995
326	[40349336]	21295300	21295300;43192375;5572127	21295300;43192375;5572127;10145528;14178995
330	[9505448]	9505448	9505448;18276599;26019505	9505448;18276599;26019505;46153874;19603353
331	[9505448]	18276599	18276599;26019505;46153874	18276599;26019505;46153874;19603353;11048759
332	[29023309]	29023309	29023309;8300657;11233339	29023309;8300657;11233339;21274496;44737533
333	[29023309]	29023309	29023309;8300657;11233339	29023309;8300657;11233339;21274496;44737533
334	[25079962]	25079962	25079962;24338780;20381484	25079962;24338780;20381484;21297708;2533768
335	[1780819]	1780819	1780819;25263942;6121668	1780819;25263942;6121668;23577867;16346504
336	[2097256]	18816720	18816720;8665891;3716075	18816720;8665891;3716075;17454301;6333347
337	[2097256]	18816720	18816720;8665891;3716075	18816720;8665891;3716075;17454301;6333347
339	[23349986]	23349986	23349986;24211561;14973286	23349986;24211561;14973286;23783727;20130904
340	[7098463]	7098463	7098463;2205779;5824985	7098463;2205779;5824985;3190689;154243324
341	[7098463]	7098463	7098463;2205779;5824985	7098463;2205779;5824985;3190689;154243324
342	[7873737, 5884524]	308862	308862;5884524;19308127	308862;5884524;19308127;38630735;32390525
345	[4394817]	7688110	7688110;9641846;8300657	7688110;9641846;8300657;502591;41710132
346	[11902109]	11902109	11902109;6493422;16389141	11902109;6493422;16389141;37699461;17933691
347	[11902109]	11902109	11902109;6493422;16389141	11902109;6493422;16389141;17933691;87430549
349	[13497630]	34198460	34198460;13497630;11109043	34198460;13497630;11109043;4423220;21377587
351	[14658685]	39048693	39048693;22428640;17539488	39048693;22428640;17539488;15981174;8712839
352	[14658685]	28193026	28193026;39048693;15981174	28193026;39048693;15981174;16167746;29334259
355	[12800122, 38380061]	13936152	13936152;9646449;38380061	13936152;9646449;38380061;12800122;15816729
356	[6144337]	2506153	2506153;6144337;21439293	2506153;6144337;21439293;17023584;5500086
357	[18111172]	12207340	12207340;27635177;20821402	12207340;27635177;20821402;18111172;21793890
358	[18111172]	12207340	12207340;27635177;20821402	12207340;27635177;20821402;18111172;21793890
361	[38587347]	15727984	15727984;38587347;43619625	15727984;38587347;43619625;13469921;15488881
363	[5386514]	27567994	27567994;20610557;35987381	27567994;20610557;35987381;17327939;2389574
364	[1550937]	2601324	2601324;1550937;17814815	2601324;1550937;17814815;25789730;14893428
365	[600437]	600437	600437;27240667;24249915	600437;27240667;24249915;20904154;31851367
366	[13956305]	13956305	13956305;1265945;97884	13956305;1265945;97884;1967017;25045244
367	[27099731]	14021596	14021596;25612629;27099731	14021596;25612629;27099731;14831629;3898784
368	[27099731]	14021596	14021596;25612629;27099731	14021596;25612629;27099731;14831629;3898784
369	[6826100]	6826100	6826100;4423327;20179918	6826100;4423327;20179918;4417177;4452318
370	[1550937]	1550937	1550937;7399084;5254463	1550937;7399084;5254463;11666252;22545779
371	[1550937]	1550937	1550937;7399084;5254463	1550937;7399084;5254463;11666252;22545779
372	[24922825]	24922825	24922825;23915841;8883846	24922825;23915841;8883846;4373433;9539248
375	[1522647]	20459964	20459964;17368516;1049501	20459964;17368516;1049501;24863571;46127781
376	[22401061]	5710820	5710820;17433284;37248570	5710820;17433284;37248570;27580223;14337960
377	[18810195]	18810195	18810195;14180565;21754541	18810195;14180565;21754541;12225214;56391045
378	[45154987, 10534299, 11886686, 25007443, 17150648]	2039912	2039912;2225918;17150648	2039912;2225918;17150648;3085264;306311
379	[19005293]	19005293	19005293;17223891;2248870	19005293;17223891;2248870;28712203;26030079
381	[18340282]	2140497	2140497;21874312;4886637	2140497;21874312;4886637;37480103;32534305
382	[11659421]	17412260	17412260;15521377;35543846	17412260;15521377;35543846;13814480;41710132
383	[13770184]	51972698	51972698;3462075;581832	51972698;3462075;581832;40666943;18074797
389	[1148122]	24019260	24019260;1148122;21602220	24019260;1148122;21602220;28025754;5107861
390	[1148122]	24019260	24019260;1148122;21602220	24019260;1148122;21602220;28025754;5107861
391	[1148122]	24019260	24019260;1148122;21602220	24019260;1148122;21602220;28025754;5107861
392	[1148122]	24019260	24019260;1148122;21602220	24019260;1148122;21602220;28025754;1887056
393	[1148122]	24019260	24019260;1148122;21602220	24019260;1148122;21602220;28025754;1887056
394	[11360768]	70455704	70455704;11360768;45153864	70455704;11360768;45153864;35714909;9822397
396	[1456068]	21009874	21009874;3524352;52188256	21009874;3524352;52188256;24918110;12438901
397	[1456068]	21009874	21009874;3524352;12438901	21009874;3524352;12438901;52188256;24918110
398	[8883846]	26124606	26124606;5752492;25134146	26124606;5752492;25134146;5398179;35987381
400	[791050]	791050	791050;471921;42387637	791050;471921;42387637;32357890;21003930
401	[5633876]	57783564	57783564;5633876;28071965	57783564;5633876;28071965;13242763;14492964
403	[1921218]	20649327	20649327;6421792;21150010	20649327;6421792;21150010;39559521;4422734
404	[1921218]	20649327	20649327;20132778;21150010	20649327;20132778;21150010;39559521;4422734
406	[6796297]	22973574	22973574;7386360;38899659	22973574;7386360;38899659;2192419;12827098
407	[9889151]	8411251	8411251;9451052;5966635	8411251;9451052;5966635;29877890;20781656
413	[6309659]	4709641	4709641;6309659;13282296	4709641;6309659;13282296;20937018;14682243
414	[6309659]	4709641	4709641;20937018;24530130	4709641;20937018;24530130;41264017;1967017
416	[6309659]	4709641	4709641;6309659;20937018	4709641;6309659;20937018;34228604;1967017
417	[6309659]	4709641	4709641;6309659;20937018	4709641;6309659;20937018;1967017;18852643
418	[16660256]	16494316	16494316;25515662;35884026	16494316;25515662;35884026;22401720;19752008
420	[9315213]	9315213	9315213;4583180;22401720	9315213;4583180;22401720;7150238;21372171
422	[11172205]	17631671	17631671;4270992;41165286	17631671;4270992;41165286;17388232;32927475
423	[8595678]	42441846	42441846;12810152;37424881	42441846;12810152;37424881;8595678;19278208
425	[33257464]	1606628	1606628;27129115;17450673	1606628;27129115;17450673;18104691;16322674
426	[16728949]	13798951	13798951;24177706;30507607	13798951;24177706;30507607;16398049;6896063
428	[16728949]	13798951	13798951;4303075;16398049	13798951;4303075;16398049;24177706;1499964
429	[36540079]	36540079	36540079;14464451;1006165	36540079;14464451;1006165;21012916;34846352
430	[28937856]	2543135	2543135;19922508;26297042	2543135;19922508;26297042;24746892;29429111
432	[8002887]	8002887	8002887;25576204;15728433	8002887;25576204;15728433;10463997;37673301
434	[9500590]	21320417	21320417;3155731;20220731	21320417;3155731;20220731;22198971;991137
435	[9500590]	21320417	21320417;3155731;20220731	21320417;3155731;20220731;22198971;991137
441	[2014909]	2030623	2030623;25726838;2014909	2030623;25726838;2014909;15435343;5836
444	[10165258]	7583161	7583161;25516011;23032247	7583161;25516011;23032247;34982259;10526279
445	[10165258]	11360430	11360430;7583161;13116880	11360430;7583161;13116880;23032247;25516011
447	[2052720]	2052720	2052720;22703082;2205779	2052720;22703082;2205779;22049489;24705390
448	[2052720]	2052720	2052720;22703082;2205779	2052720;22703082;2205779;22049489;24705390
449	[12209494, 3430789]	22547508	22547508;8447873;33203108	22547508;8447873;33203108;19132741;41294031
453	[4200695]	4200695	4200695;42950029;38493521	4200695;42950029;38493521;44586415;11933721
454	[4200695]	4200695	4200695;7198295;53779698	4200695;7198295;53779698;17097974;25301182
455	[12643937]	4162857	4162857;13384318;7860396	4162857;13384318;7860396;29828242;20585600
456	[30507607]	30507607	30507607;12315072;13958154	30507607;12315072;13958154;16237005;40254495
458	[597790]	597790	597790;3680979;70455704	597790;3680979;70455704;6227220;45153864
461	[40096222]	15578265	15578265;13714201;40096222	15578265;13714201;40096222;32454714;52805891
463	[19736671]	13030852	13030852;21479575;26231129	13030852;21479575;26231129;23639838;26973393
466	[22544171]	22544171	22544171;34747208;834336	22544171;34747208;834336;14178995;15692098
469	[1410197]	15889329	15889329;13780287;44572913	15889329;13780287;44572913;37592824;14924526
470	[12685434]	12685434	12685434;13235609;18600579	12685434;13235609;18600579;7028976;15215393
472	[7185591, 26330861, 4414481]	11527822	11527822;40996863;6277638	11527822;40996863;6277638;1754001;15975146
473	[4373433]	7177329	7177329;25942757;17050065	7177329;25942757;17050065;40429879;1148122
474	[4373433]	7177329	7177329;37182501;8354687	7177329;37182501;8354687;7223604;25942757
479	[6325527]	6325527	6325527;23627419;32328114	6325527;23627419;32328114;14753395;18256197
480	[6325527]	6325527	6325527;23627419;32328114	6325527;23627419;32328114;14753395;18256197
481	[14706752]	368506	368506;14706752;14119470	368506;14706752;14119470;28195565;24881307
482	[10991183]	10991183	10991183;8093935;33076846	10991183;8093935;33076846;24881307;10530014
483	[22703082]	22703082	22703082;2052720;2205779	22703082;2052720;2205779;22049489;29190724
484	[14637235]	29877890	29877890;12588500;20781656	29877890;12588500;20781656;20630805;19485243
485	[14637235]	14637235	14637235;30041340;20781656	14637235;30041340;20781656;22522432;29788648
486	[14637235]	29877890	29877890;12588500;20781656	29877890;12588500;20781656;20630805;19485243
487	[14637235]	14637235	14637235;30041340;20781656	14637235;30041340;20781656;22522432;29788648
488	[1780819]	1780819	1780819;25263942;6121668	1780819;25263942;6121668;23577867;16346504
489	[6625693]	22495397	22495397;22561064;6625693	22495397;22561064;6625693;5473074;5867846
490	[56893404]	56893404	56893404;24269361;9478135	56893404;24269361;9478135;41599676;17462437
492	[19583924]	92499	92499;18374364;17271462	92499;18374364;17271462;19583924;13116880
493	[19583924]	6718824	6718824;14550841;515489	6718824;14550841;515489;25830701;25148216
494	[34873974]	34054472	34054472;10128893;27910499	34054472;10128893;27910499;12232678;6387956
495	[17077004]	22227889	22227889;25134146;29134911	22227889;25134146;29134911;374902;2824347
498	[17077004]	22227889	22227889;25134146;29134911	22227889;25134146;29134911;374902;2824347
499	[26064662]	26064662	26064662;23206239;30983338	26064662;23206239;30983338;4449524;2460304
500	[17930286]	17930286	17930286;24510595;6191684	17930286;24510595;6191684;24285403;22995579
504	[10883736]	38401028	38401028;10883736;21053753	38401028;10883736;21053753;21003930;39390206
505	[22703082]	22703082	22703082;34436231;2099400	22703082;34436231;2099400;8654183;39550665
506	[7433668]	21439293	21439293;14853989;40323148	21439293;14853989;40323148;2506153;17023584
509	[13980338]	34982259	34982259;20186814;8891333	34982259;20186814;8891333;25985964;5107861
515	[29564505]	29564505	29564505;20109325;18988265	29564505;20109325;18988265;2032877;3580005
523	[14803797]	14803797	14803797;6793674;11939159	14803797;6793674;11939159;54490092;27665523
524	[14803797]	14803797	14803797;6793674;11939159	14803797;6793674;11939159;54490092;27665523
526	[3863543]	3863543	3863543;1617327;32922179	3863543;1617327;32922179;24349992;27665523
529	[10546779, 25413327, 36651210]	36651210	36651210;3360421;4423327	36651210;3360421;4423327;19770974;27588420
530	[10546779, 25413327, 36651210, 87610599]	36651210	36651210;3360421;4423327	36651210;3360421;4423327;19770974;27588420
531	[10546779, 25413327, 36651210]	36651210	36651210;3360421;4423327	36651210;3360421;4423327;19770974;27588420
537	[16056514]	2225918	2225918;16056514;17097974	2225918;16056514;17097974;7157436;43566999
541	[45154987, 11886686, 25007443]	2039912	2039912;2225918;17150648	2039912;2225918;17150648;306311;3085264
542	[19688024]	19688024	19688024;41337677;7968532	19688024;41337677;7968532;40044800;33063763
545	[24221369]	1970884	1970884;32556431;44737533	1970884;32556431;44737533;6820680;5838067
547	[10648422]	10648422	10648422;8639034;5800138	10648422;8639034;5800138;26068103;9334631
548	[18199839]	7115651	7115651;17421851;11233339	7115651;17421851;11233339;5698494;24998637
550	[33499189]	9283422	9283422;8903143;41982985	9283422;8903143;41982985;994800;6961811
553	[1471041]	27772649	27772649;14340571;25571386	27772649;14340571;25571386;1471041;10675756
555	[1049501]	35256900	35256900;25251625;14853989	35256900;25251625;14853989;1049501;20459964
557	[1049501]	1049501	1049501;35256900;25251625	1049501;35256900;25251625;17368516;28249680
559	[3475317]	9767444	9767444;9977329;5377059	9767444;9977329;5377059;46926352;15889329
562	[20101846]	20101846	20101846;5152028;14711483	20101846;5152028;14711483;56391045;6421734
563	[2867345]	2867345	2867345;23495058;4506414	2867345;23495058;4506414;39368721;27466734
564	[2867345]	2867345	2867345;23495058;15984735	2867345;23495058;15984735;4506414;5698494
565	[16120395]	16120395	16120395;15551129;4421742	16120395;15551129;4421742;3553087;25937484
566	[16120395]	16120395	16120395;15551129;4421742	16120395;15551129;4421742;3553087;25937484
568	[23418635]	20524091	20524091;23418635;36651210	20524091;23418635;36651210;4423327;11360430
570	[20333864]	20333864	20333864;22975806;15832146	20333864;22975806;15832146;2140497;32534305
571	[20333864]	20333864	20333864;22975806;2140497	20333864;22975806;2140497;15832146;32534305
572	[4447055]	72159	72159;24645237;13231899	72159;24645237;13231899;6559701;8596357
573	[10300888]	10300888	10300888;9704467;24307695	10300888;9704467;24307695;7643848;46565968
574	[10300888]	10300888	10300888;9704467;24307695	10300888;9704467;24307695;32638085;7643848
576	[4468861]	4468861	4468861;35987381;24069089	4468861;35987381;24069089;52180874;8038329
579	[34139429]	19675911	19675911;8509018;20945963	19675911;8509018;20945963;19185192;34139429
580	[23460562]	23460562	23460562;1336292;17463549	23460562;1336292;17463549;4462419;20220731
582	[14260013]	14260013	14260013;20864487;708425	14260013;20864487;708425;29023309;31560225
584	[14260013]	14260013	14260013;20864487;43378932	14260013;20864487;43378932;708425;29023309
585	[42291761]	21459247	21459247;42291761;2575938	21459247;42291761;2575938;8428935;6748318
588	[16999023]	25516011	25516011;16999023;2296264	25516011;16999023;2296264;854417;7142113
590	[10984005]	10984005	10984005;1831916;24625323	10984005;1831916;24625323;752423;40996863
591	[14682243]	14682243	14682243;6309659;13282296	14682243;6309659;13282296;17691617;45457778
592	[14682243]	14682243	14682243;6309659;13282296	14682243;6309659;13282296;17691617;45457778
594	[19675911]	19675911	19675911;20945963;8509018	19675911;20945963;8509018;19185192;31889025
595	[4824840]	4824840	4824840;5596332;3776162	4824840;5596332;3776162;11459139;17023584
600	[12258338]	42404093	42404093;583260;12258338	42404093;583260;12258338;11254040;29845974
601	[12258338]	42404093	42404093;12258338;583260	42404093;12258338;583260;11254040;29845974
602	[3701541]	26735905	26735905;25576204;10463997	26735905;25576204;10463997;15728433;946756
603	[6540064]	6540064	6540064;7757997;9814332	6540064;7757997;9814332;7662206;2095573
606	[712078]	20732789	20732789;9159125;2443495	20732789;9159125;2443495;24828165;6923961
607	[4506414]	4506414	4506414;30058568;202259	4506414;30058568;202259;19854543;30639847
609	[40096222]	21439293	21439293;10648422;2604063	21439293;10648422;2604063;15889329;5377059
610	[40096222]	21439293	21439293;10648422;2604063	21439293;10648422;2604063;15889329;14644164
611	[32408470]	4854076	4854076;39187170;4319174	4854076;39187170;4319174;9178310;32408470
612	[9638032]	9638032	9638032;18988265;6669242	9638032;18988265;6669242;8646760;16745747
614	[9638032]	9638032	9638032;28369117;7549811	9638032;28369117;7549811;33911859;23702805
615	[9638032]	9638032	9638032;28369117;7549811	9638032;28369117;7549811;33911859;23702805
616	[18670]	17911973	17911973;24896957;17877537	17911973;24896957;17877537;9478135;41599676
617	[18670]	17911973	17911973;17877537;24896957	17911973;17877537;24896957;9478135;41599676
618	[6836086]	1320137	1320137;24541180;5914739	1320137;24541180;5914739;22023404;20457190
620	[2565138]	21258863	21258863;3619931;49556906	21258863;3619931;49556906;6673421;22621251
621	[1642727]	1642727	1642727;13083189;10010651	1642727;13083189;10010651;6647414;26107000
622	[17000834]	17000834	17000834;25599283;4462079	17000834;25599283;4462079;22843838;12009265
624	[20033112]	20033112	20033112;21676556;8891333	20033112;21676556;8891333;1848452;11360430
625	[20033112]	20033112	20033112;21676556;8891333	20033112;21676556;8891333;1848452;11360430
626	[16355392]	16355392	16355392;22241778;10574949	16355392;22241778;10574949;21369472;28207326
631	[5468807]	5468807	5468807;9211173;2727303	5468807;9211173;2727303;25726838;9767444
632	[5172048]	5172048	5172048;10669582;9507605	5172048;10669582;9507605;16280642;28195565
633	[5172048]	3701541	3701541;5172048;10669582	3701541;5172048;10669582;9507605;16280642
635	[1686997]	1686997	1686997;9752604;1897324	1686997;9752604;1897324;9899292;31591262
638	[25649714]	29845974	29845974;31019903;154243324	29845974;31019903;154243324;73473433;25649714
640	[6503185]	40900567	40900567;6503185;2460304	40900567;6503185;2460304;7486516;26474812
642	[13619127]	13619127	13619127;21369472;24921368	13619127;21369472;24921368;41298619;16527698
643	[15535511]	2481032	2481032;21641088;16389141	2481032;21641088;16389141;17119869;10190462
645	[12810152]	11705328	11705328;21636085;12810152	11705328;21636085;12810152;5152028;33409100
646	[12810152]	11705328	11705328;21636085;12810152	11705328;21636085;12810152;5152028;33409100
647	[15041758]	15041758	15041758;10374686;16204011	15041758;10374686;16204011;19945096;45920278
648	[15041758]	15041758	15041758;10374686;16204011	15041758;10374686;16204011;44409062;19945096
650	[12789595]	12789595	12789595;11253758;3202143	12789595;11253758;3202143;24159217;32927475
651	[9433958]	9433958	9433958;30437264;38376189	9433958;30437264;38376189;4402497;10559501
652	[9433958]	9433958	9433958;30437264;38376189	9433958;30437264;38376189;4402497;10559501
653	[24384587]	21372171	21372171;25183830;17421851	21372171;25183830;17421851;25050364;14407673
654	[57574395]	6961811	6961811;46266579;57574395	6961811;46266579;57574395;24989194;4459491
655	[57574395]	46266579	46266579;57574395;24989194	46266579;57574395;24989194;6961811;4459491
657	[8533245]	14920021	14920021;21943141;8533245	14920021;21943141;8533245;4391685;35612665
658	[5293024]	5293024	5293024;7454794;2138767	5293024;7454794;2138767;409280;17914395
661	[37204802]	37204802	37204802;503050;2831620	37204802;503050;2831620;3230361;1103795
662	[37204802]	37204802	37204802;2831620;503050	37204802;2831620;503050;3230361;1103795
663	[22080671]	25148216	25148216;8446259;22080671	25148216;8446259;22080671;2260571;7711685
665	[12580014]	12580014	12580014;39559521;25738896	12580014;39559521;25738896;18488986;6333347
666	[4469125]	4469125	4469125;1070920;45154987	4469125;1070920;45154987;25969485;32250572
667	[6493422]	6493422	6493422;44724517;22997657	6493422;44724517;22997657;32101982;2316374
668	[6493422, 25148216]	25148216	25148216;6493422;17708753	25148216;6493422;17708753;11902109;14386505
669	[6493422, 25148216]	25148216	25148216;6493422;17708753	25148216;6493422;17708753;11902109;22150633
670	[5573975]	5573975	5573975;25928548;39291138	5573975;25928548;39291138;21804115;8446259
671	[5573975]	5573975	5573975;25928548;3619931	5573975;25928548;3619931;39291138;2973910
672	[15635366]	15635366	15635366;19572798;1791637	15635366;19572798;1791637;18037805;14853989
673	[2095573]	2095573	2095573;9814332;15360986	2095573;9814332;15360986;6540064;7662206
676	[857189]	857189	857189;13398997;22968257	857189;13398997;22968257;28931537;11250124
677	[857189]	857189	857189;13398997;22968257	857189;13398997;22968257;11250124;23985464
679	[13639330]	4162857	4162857;15215393;4393153	4162857;15215393;4393153;25175223;4455466
680	[9315213]	14823313	14823313;8780599;23397658	14823313;8780599;23397658;9315213;74137632
681	[9315213]	9315213	9315213;17421851;23397658	9315213;17421851;23397658;970012;2832403
682	[9315213]	9315213	9315213;23397658;2832403	9315213;23397658;2832403;1840993;7150238
683	[9315213]	9315213	9315213;17421851;23397658	9315213;17421851;23397658;2832403;7373453
685	[4452659]	4452659	4452659;34747208;22544171	4452659;34747208;22544171;43390777;6190603
686	[4452659]	797114	797114;4452659;37362689	797114;4452659;37362689;34747208;7643848
687	[4452659]	4452659	4452659;34747208;22544171	4452659;34747208;22544171;4701662;37362689
688	[4452659]	4452659	4452659;34747208;22544171	4452659;34747208;22544171;17049436;43390777
689	[22080671]	24766509	24766509;8891333;25985964	24766509;8891333;25985964;1848452;15728433
694	[1071991]	1071991	1071991;27567994;17327939	1071991;27567994;17327939;2389574;21274496
696	[16355392]	26025820	26025820;5106691;6517267	26025820;5106691;6517267;14753395;118568
698	[22544171]	22544171	22544171;834336;34747208	22544171;834336;34747208;14178995;15692098
703	[4350400]	20402596	20402596;38675228;16557565	20402596;38675228;16557565;19950357;2988714
704	[14658685]	18276599	18276599;4462139;18924534	18276599;4462139;18924534;2619579;14205246
705	[22442133]	33912748	33912748;23388442;19278208	33912748;23388442;19278208;641459;5389095
709	[22442133]	22442133	22442133;33912748;24269361	22442133;33912748;24269361;23388442;19278208
710	[22442133]	33912748	33912748;23388442;19278208	33912748;23388442;19278208;641459;5389095
713	[18421962]	6532806	6532806;2000038;15635366	6532806;2000038;15635366;23830488;28598374
714	[18421962]	6532806	6532806;2000038;15635366	6532806;2000038;15635366;23830488;13242763
717	[17587795]	4679264	4679264;18895793;4305576	4679264;18895793;4305576;17587795;28193026
724	[5531479]	5531479	5531479;8396189;3495456	5531479;8396189;3495456;16128711;4350400
726	[7521113, 36444198]	22406695	22406695;7521113;36444198	22406695;7521113;36444198;14492339;7489663
730	[13400643]	13400643	13400643;3230361;8548635	13400643;3230361;8548635;7426741;503050
732	[34469966]	33634749	33634749;36444198;7489663	33634749;36444198;7489663;25148216;8317408
733	[34469966]	33634749	33634749;36444198;7489663	33634749;36444198;7489663;25148216;8317408
734	[4961038]	4961038	4961038;2272614;4920376	4961038;2272614;4920376;85665741;18682109
736	[5389095]	5389095	5389095;39985001;10342807	5389095;39985001;10342807;22972632;36558211
737	[16562534, 6609935]	4417558	4417558;6609935;1539159	4417558;6609935;1539159;3506723;15491404
738	[16562534, 6609935, 33912020]	4417558	4417558;6609935;1539159	4417558;6609935;1539159;3506723;15491404
739	[4446814]	14205246	14205246;24989194;1684489	14205246;24989194;1684489;38127792;2991954
740	[23078022]	23078022	23078022;83308790;23305884	23078022;83308790;23305884;14615911;27093166
745	[11291348]	11291348	11291348;12225214;29557235	11291348;12225214;29557235;6422576;44947611
746	[11291348]	11291348	11291348;12225214;29557235	11291348;12225214;29557235;6422576;44947611
747	[11291348]	11291348	11291348;952111;3727986	11291348;952111;3727986;9648896;12225214
748	[11291348]	11291348	11291348;952111;3727986	11291348;952111;3727986;9648896;12225214
749	[13868795]	36271512	36271512;40608679;23804187	36271512;40608679;23804187;28006126;35651106
751	[19800147]	19800147	19800147;14692646;3588621	19800147;14692646;3588621;17209919;14768471
752	[19800147]	19800147	19800147;17209919;3588621	19800147;17209919;3588621;1905095;4435369
753	[1173667]	37248570	37248570;5710820;20999249	37248570;5710820;20999249;25953438;40900567
755	[17844478]	27647593	27647593;5304891;10494012	27647593;5304891;10494012;22488511;3727986
757	[17123657]	33499189	33499189;3155374;20758340	33499189;3155374;20758340;17123657;8246090
758	[14195528]	1391126	1391126;3095620;27815697	1391126;3095620;27815697;4404433;9433958
760	[1805641]	13948920	13948920;3929361;1805641	13948920;3929361;1805641;13899137;25499612
761	[10009203]	1964163	1964163;8698208;980008	1964163;8698208;980008;41644178;7997337
762	[4695046]	20188586	20188586;35087728;39059143	20188586;35087728;39059143;17779800;14395738
764	[7552215]	28419824	28419824;24625323;25973484	28419824;24625323;25973484;4345757;38023457
765	[7552215]	28419824	28419824;22635278;24625323	28419824;22635278;24625323;25973484;2158516
766	[7552215]	28419824	28419824;22635278;24625323	28419824;22635278;24625323;25973484;2158516
767	[2488880]	2488880	2488880;29253460;15984735	2488880;29253460;15984735;5558754;20526907
771	[15476777]	7165938	7165938;15476777;2492146	7165938;15476777;2492146;20606520;52188256
772	[24922825]	24922825	24922825;23915841;4373433	24922825;23915841;4373433;8883846;9539248
774	[32275758]	12552297	12552297;27635177;11569583	12552297;27635177;11569583;15535511;16167746
776	[32275758]	12552297	12552297;27635177;11569583	12552297;27635177;11569583;15535511;3173489
777	[32275758]	12552297	12552297;27635177;11569583	12552297;27635177;11569583;15535511;3173489
778	[13001323]	13001323	13001323;6227220;2481032	13001323;6227220;2481032;10889845;6171953
779	[13001323]	13001323	13001323;6227220;2481032	13001323;6227220;2481032;10889845;43192375
780	[8246922, 24338780]	40632104	40632104;24338780;8246922	40632104;24338780;8246922;6270720;51952430
782	[8246922]	39084565	39084565;8246922;10559501	39084565;8246922;10559501;5500086;6767271
787	[4740447]	4740447	4740447;4393153;15419873	4740447;4393153;15419873;21186109;393001
788	[4740447]	4740447	4740447;4393153;15419873	4740447;4393153;15419873;21186109;778436
789	[15493354]	15493354	15493354;15889329;17991818	15493354;15889329;17991818;11581157;3672261
790	[15493354]	15493354	15493354;15889329;11581157	15493354;15889329;11581157;17991818;3672261
791	[15984735]	14566771	14566771;15984735;23627419	14566771;15984735;23627419;38369817;23785605
792	[3610080]	3610080	3610080;17779800;20188586	3610080;17779800;20188586;72580164;27711043
795	[8551160]	8425533	8425533;27693891;40232172	8425533;27693891;40232172;4701662;14835068
797	[8551160]	8425533	8425533;20456030;27693891	8425533;20456030;27693891;4701662;40232172
798	[8551160]	13780287	13780287;44572913;14767844	13780287;44572913;14767844;8425533;13458119
799	[5293024]	5293024	5293024;7454794;2138767	5293024;7454794;2138767;409280;17914395
801	[22180793]	22180793	22180793;4373433;19485649	22180793;4373433;19485649;17188921;36642096
802	[22180793]	4373433	4373433;22180793;19485649	4373433;22180793;19485649;17188921;36642096
803	[22180793]	22180793	22180793;4373433;19485649	22180793;4373433;19485649;17188921;36642096
804	[22180793]	4373433	4373433;19485649;17188921	4373433;19485649;17188921;22180793;36642096
807	[36606083]	36606083	36606083;25787749;8646760	36606083;25787749;8646760;31514338;36180468
810	[13513790]	25041967	25041967;22186938;7239105	25041967;22186938;7239105;37311371;21874414
812	[19799455]	19799455	19799455;17081238;34733465	19799455;17081238;34733465;36357627;2086909
813	[33387953]	33387953	33387953;22036571;21551568	33387953;22036571;21551568;34016944;21307488
815	[8148304]	8148304	8148304;23604601;9478135	8148304;23604601;9478135;41599676;3033830
816	[8148304]	8148304	8148304;23604601;9478135	8148304;23604601;9478135;41599676;3033830
817	[17814815]	17814815	17814815;25789730;45487164	17814815;25789730;45487164;47240151;13794374
818	[17814815]	7840442	7840442;17814815;25789730	7840442;17814815;25789730;45487164;9796495
822	[15319019]	15319019	15319019;2319305;10326242	15319019;2319305;10326242;6426919;41599676
825	[15319019]	15319019	15319019;2319305;6426919	15319019;2319305;6426919;9478135;9505402
826	[4678846]	140098548	140098548;4700428;24049225	140098548;4700428;24049225;22236223;26025370
828	[4678846]	1759213	1759213;26199970;4700428	1759213;26199970;4700428;14584755;26025370
835	[15928989]	1780819	1780819;25263942;15928989	1780819;25263942;15928989;23577867;16346504
838	[15928989]	45166582	45166582;2423940;9814332	45166582;2423940;9814332;20330519;46202852
840	[15663829]	2138843	2138843;20649327;198133135	2138843;20649327;198133135;68317730;24150328
841	[15663829]	27166444	27166444;20132778;2138843	27166444;20132778;2138843;20649327;198133135
844	[17741440]	17741440	17741440;9878167;29399239	17741440;9878167;29399239;36089763;43054703
846	[22696649]	23901235	23901235;22696649;16863359	23901235;22696649;16863359;54482327;16488405
848	[14500725]	14500725	14500725;3662510;409280	14500725;3662510;409280;72180760;9274291
853	[24922825]	24922825	24922825;23915841;4373433	24922825;23915841;4373433;8883846;9539248
854	[12206390]	12206390	12206390;3801693;21616324	12206390;3801693;21616324;44660616;31889025
855	[8190282]	8190282	8190282;26105746;40867854	8190282;26105746;40867854;3272084;24097933
856	[43334921]	52188256	52188256;22371455;29807737	52188256;22371455;29807737;53033275;2328272
857	[43334921]	29807737	29807737;1227277;22371455	29807737;1227277;22371455;2158516;13883546
858	[1982286]	22049489	22049489;12315072;13048272	22049489;12315072;13048272;1982286;9076196
860	[16066726]	16066726	16066726;3475317;38023457	16066726;3475317;38023457;34615397;38830961
861	[16066726]	16066726	16066726;3475317;34615397	16066726;3475317;34615397;38830961;22889972
863	[20568364, 16361581]	16361581	16361581;17917408;16086778	16361581;17917408;16086778;16790253;15727984
866	[37822406]	4457834	4457834;3883485;37822406	4457834;3883485;37822406;4417177;86129154
867	[14340571]	14340571	14340571;10675756;26735018	14340571;10675756;26735018;10761515;30041895
871	[195689316]	24625323	24625323;43192375;8780599	24625323;43192375;8780599;32421068;37029185
876	[195689316]	24625323	24625323;32421068;37029185	24625323;32421068;37029185;25973484;38023457
877	[313394]	3095620	3095620;313394;6431384	3095620;313394;6431384;14437255;41239107
881	[14803797]	14803797	14803797;6327940;35962023	14803797;6327940;35962023;33684572;24273592
883	[14803797]	14803797	14803797;6327940;33684572	14803797;6327940;33684572;35962023;24273592
884	[14803797]	14803797	14803797;12709184;44624045	14803797;12709184;44624045;33684572;5687200
885	[6477536]	6477536	6477536;10749308;10072941	6477536;10749308;10072941;9754530;6112053
886	[6477536]	6477536	6477536;10749308;10072941	6477536;10749308;10072941;9754530;6112053
890	[2097256]	8665891	8665891;18816720;3716075	8665891;18816720;3716075;15670968;17454301
891	[2097256]	8665891	8665891;18816720;3716075	8665891;18816720;3716075;15670968;17454301
893	[13509809]	13509809	13509809;25419778;23816832	13509809;25419778;23816832;36345185;24721866
894	[14724693]	22505710	22505710;58050905;33912748	22505710;58050905;33912748;1044552;37562370
895	[18750453]	36653415	36653415;18750453;25420421	36653415;18750453;25420421;24269361;42291761
896	[14338915]	14338915	14338915;18988265;21425864	14338915;18988265;21425864;10189634;26117607
897	[14338915]	14338915	14338915;21425864;10189634	14338915;21425864;10189634;26117607;16686383
898	[13106686, 5572127]	38131471	38131471;10704438;19688024	38131471;10704438;19688024;41337677;13106686
899	[13106686, 5572127]	38131471	38131471;10704438;13106686	38131471;10704438;13106686;41337677;13023410
900	[18678095]	1917068	1917068;33912020;4306711	1917068;33912020;4306711;19922508;27665523
901	[6540064]	6540064	6540064;7757997;33118292	6540064;7757997;33118292;46277811;11616424
902	[10648422]	10648422	10648422;8639034;26068103	10648422;8639034;26068103;9334631;37762357
908	[6923961]	6923961	6923961;13906892;20732789	6923961;13906892;20732789;25726838;17844478
909	[11254556]	11254556	11254556;649951;44500794	11254556;649951;44500794;14188138;22800314
910	[11254556]	11254556	11254556;14188138;649951	11254556;14188138;649951;44500794;22800314
912	[11254556]	11254556	11254556;14188138;44500794	11254556;14188138;44500794;649951;22800314
916	[18037805]	463309	463309;10786948;19572798	463309;10786948;19572798;1791637;24541180
917	[34071621]	34071621	34071621;16364639;15176526	34071621;16364639;15176526;15113221;34016944
919	[16422880]	26067999	26067999;7639744;16422880	26067999;7639744;16422880;12145359;17021845
923	[17077004]	17077004	17077004;11230569;22227889	17077004;11230569;22227889;25134146;374902
925	[17077004]	17077004	17077004;22414304;2058909	17077004;22414304;2058909;25134146;22227889
926	[16390264]	16390264	16390264;5641851;26611094	16390264;5641851;26611094;19464037;24408040
927	[16390264]	16390264	16390264;5641851;26611094	16390264;5641851;26611094;19464037;24408040
928	[18174210]	18174210	18174210;2460304;13959707	18174210;2460304;13959707;27889071;17168045
929	[18174210]	18174210	18174210;2460304;13959707	18174210;2460304;13959707;27889071;17168045
930	[16056514]	16056514	16056514;23816832;44830890	16056514;23816832;44830890;791050;32357890
933	[14711483]	14711483	14711483;46743299;29947146	14711483;46743299;29947146;2360905;25098790
934	[8563659]	8563659	8563659;22227889;24082820	8563659;22227889;24082820;25134146;29134911
935	[5483793]	5483793	5483793;20155713;301838	5483793;20155713;301838;16728949;14644164
938	[26231129]	18682109	18682109;6421792;17163294	18682109;6421792;17163294;87430549;641786
939	[26231129]	9929089	9929089;25895285;25515662	9929089;25895285;25515662;16494316;2272614
940	[12258338]	12258338	12258338;31612088;29845974	12258338;31612088;29845974;38799797;17591478
941	[12258338]	12258338	12258338;31612088;29845974	12258338;31612088;29845974;38799797;16495649
942	[11527199]	26105746	26105746;21203899;16737210	26105746;21203899;16737210;9056874;41774099
944	[1642727]	1642727	1642727;13083189;10010651	1642727;13083189;10010651;6647414;26107000
945	[8428935, 26112696, 4463588, 13083189]	18537148	18537148;13083189;26107000	18537148;13083189;26107000;20334484;4449524
946	[8428935, 26112696, 4463588, 13083189]	18537148	18537148;13083189;26107000	18537148;13083189;26107000;20334484;4449524
949	[13578199]	13083189	13083189;6153754;27076725	13083189;6153754;27076725;10010651;6647414
951	[21414718]	21414718	21414718;26047921;4422723	21414718;26047921;4422723;18041692;10485142
952	[3355397]	3355397	3355397;24581365;12009265	3355397;24581365;12009265;8512633;31229233
953	[3355397]	3355397	3355397;27270151;9831859	3355397;27270151;9831859;31229233;4959368
954	[3355397]	3355397	3355397;24581365;12009265	3355397;24581365;12009265;8512633;31229233
955	[2078658, 30507607]	22937815	22937815;4896726;24530633	22937815;4896726;24530633;23208167;9732010
959	[8780599]	8780599	8780599;6525844;202259	8780599;6525844;202259;25355575;11939159
962	[13931771, 935538, 4306711]	20018321	20018321;13931771;24863571	20018321;13931771;24863571;797114;935538
963	[4162857, 29828242]	7860396	7860396;13384318;4162857	7860396;13384318;4162857;29828242;21330280
964	[4162857, 29828242]	7860396	7860396;13384318;4162857	7860396;13384318;4162857;29828242;21330280
965	[40817021]	32322418	32322418;25822299;40817021	32322418;25822299;40817021;2820454;35271381
969	[19356271, 17368516]	17368516	17368516;9379687;15077696	17368516;9379687;15077696;11922370;41314611
970	[19356271, 17368516]	17368516	17368516;9379687;15077696	17368516;9379687;15077696;11922370;41314611
972	[46695481, 27873158, 28617573, 9764256]	829646	829646;23136735;27446873	829646;23136735;27446873;46695481;6561200
973	[27446873, 27873158, 28617573, 9764256]	829646	829646;6561200;27446873	829646;6561200;27446873;23136735;46695481
976	[5304891]	29509926	29509926;3475317;34378726	29509926;3475317;34378726;25315295;4454788
977	[14075252, 39264456]	25315295	25315295;29509926;25726838	25315295;29509926;25726838;8702697;17223891
978	[14075252]	25315295	25315295;29509926;8702697	25315295;29509926;8702697;25726838;17223891
979	[11659421]	11659421	11659421;19912367;1848452	11659421;19912367;1848452;8891333;25985964
980	[20128547]	6153754	6153754;2335873;20128547	6153754;2335873;20128547;25988622;4447055
984	[6828370]	6828370	6828370;16364639;15113221	6828370;16364639;15113221;34016944;16201748
988	[3033830]	1383826	1383826;16929739;3153673	1383826;16929739;3153673;8126244;5271210
989	[9988425]	14460402	14460402;16375102;39532074	14460402;16375102;39532074;4423559;3360421
990	[16472469]	16472469	16472469;4444861;4899981	16472469;4444861;4899981;4926049;4319844
992	[16472469]	16472469	16472469;4418878;7622767	16472469;4418878;7622767;14145440;23634484
994	[16472469]	16472469	16472469;12086599;13221399	16472469;12086599;13221399;19522248;36713289
996	[16472469]	49432306	49432306;38131471;5273056	49432306;38131471;5273056;16472469;7681810
997	[16472469]	4444861	4444861;27635177;1941721	4444861;27635177;1941721;9091863;4401289
998	[16472469]	4444861	4444861;27635177;1941721	4444861;27635177;1941721;9091863;12207340
999	[16472469]	16472469	16472469;12086599;13221399	16472469;12086599;13221399;19522248;36713289
1000	[16472469]	26118532	26118532;25842866;6386930	26118532;25842866;6386930;26607366;4319844
1001	[5702790]	5702790	5702790;8006440;86602746	5702790;8006440;86602746;116075383;23727313
1002	[13639330]	24624992	24624992;4396105;4662264	24624992;4396105;4662264;8210189;13011249
1003	[14332945, 4319844, 4899981]	14332945	14332945;8577229;4899981	14332945;8577229;4899981;4401289;7151961
1004	[301838, 2734421, 3952288]	3952288	3952288;39128592;20155713	3952288;39128592;20155713;39559521;2734421
1005	[301838, 2734421, 3952288]	3952288	3952288;39128592;20155713	3952288;39128592;20155713;39559521;2734421
1006	[4926049]	4926049	4926049;7848113;40721190	4926049;7848113;40721190;36816310;12922760
1008	[2547636]	38037690	38037690;11020556;14105446	38037690;11020556;14105446;4380287;19343151
1009	[1982286]	1982286	1982286;12315072;13048272	1982286;12315072;13048272;9076196;22049489
1011	[9745001]	9745001	9745001;26026009;6751418	9745001;26026009;6751418;43122426;21551568
1015	[6277638]	6277638	6277638;1974176;2266471	6277638;1974176;2266471;34760396;4658268
1016	[6277638]	6277638	6277638;15615957;1974176	6277638;15615957;1974176;2266471;10557471
1018	[11603066]	1225513	1225513;11603066;39859981	1225513;11603066;39859981;19752008;25515662
1023	[16927286]	16927286	16927286;23342686;39729277	16927286;23342686;39729277;30261663;18987782
1025	[32408470]	4854076	4854076;39187170;4319174	4854076;39187170;4319174;9178310;18450716
1026	[3113630]	3113630	3113630;22185730;665817	3113630;22185730;665817;16605494;29806339
1027	[3113630]	3113630	3113630;22185730;24721866	3113630;22185730;24721866;16686383;8417211
1028	[13923140, 11899391]	33535222	33535222;11899391;25571386	33535222;11899391;25571386;13923140;22852120
1030	[6441369]	6441369	6441369;4462419;23418635	6441369;4462419;23418635;3174305;4784069
1031	[12486491]	12486491	12486491;11578459;18987782	12486491;11578459;18987782;22358449;24863571
1032	[6836086]	1320137	1320137;24541180;5914739	1320137;24541180;5914739;22023404;20457190
1033	[6836086]	1320137	1320137;24541180;5914739	1320137;24541180;5914739;22023404;20457190
1034	[4547102]	15803282	15803282;4547102;8185080	15803282;4547102;8185080;37822406;18998807
1035	[4547102]	15803282	15803282;4547102;8185080	15803282;4547102;8185080;37822406;18998807
1036	[4547102]	8185080	8185080;15803282;86129154	8185080;15803282;86129154;14225271;4405194
1037	[16287725]	16287725	16287725;9675944;8290760	16287725;9675944;8290760;6054657;86129154
1038	[16287725]	16287725	16287725;9675944;8290760	16287725;9675944;8290760;1630949;6054657
1040	[25254425, 16626264]	9451052	9451052;5966635;15778034	9451052;5966635;15778034;25254425;18038955
1042	[17421851]	17421851	17421851;25050364;13108582	17421851;25050364;13108582;7711685;13923069
1043	[17671145]	17671145	17671145;22180793;14131683	17671145;22180793;14131683;25830701;24581365
1044	[22500262]	22500262	22500262;11565780;4999633	22500262;11565780;4999633;14471161;11968641
1045	[22500262]	22500262	22500262;11565780;13277039	22500262;11565780;13277039;4999633;14471161
1046	[418246, 4324278, 16712164]	12486491	12486491;36904081;15893330	12486491;36904081;15893330;24737389;13915464
1047	[14706752]	368506	368506;14706752;2543135	368506;14706752;2543135;207972;25251625
1048	[12486491]	24737389	24737389;23460562;24450344	24737389;23460562;24450344;4928282;4380287
1050	[19878070]	26000593	26000593;19878070;11246427	26000593;19878070;11246427;16812091;4687948
1052	[18816720]	129199129	129199129;2097256;3716075	129199129;2097256;3716075;17454301;6766459
1053	[18816720]	129199129	129199129;2097256;3716075	129199129;2097256;3716075;17454301;4810810
1054	[10072941]	10072941	10072941;11939159;32463364	10072941;11939159;32463364;6793674;16760369
1055	[13906581]	13906581	13906581;16495649;36003142	13906581;16495649;36003142;19464037;14021596
1056	[4200695]	4200695	4200695;42950029;38493521	4200695;42950029;38493521;44586415;11933721
1058	[13027590]	13027590	13027590;37731372;13223957	13027590;37731372;13223957;36721932;3190689
1065	[20418809]	20418809	20418809;16660256;20186814	20418809;16660256;20186814;12411274;4326318
1067	[4429668]	15659108	15659108;799586;16217855	15659108;799586;16217855;15305881;29098525
1068	[4429668]	15659108	15659108;799586;16217855	15659108;799586;16217855;15305881;29098525
1069	[4200695]	4200695	4200695;7198295;53779698	4200695;7198295;53779698;17691617;17097974
1070	[25649714]	154243324	154243324;31019903;4463588	154243324;31019903;4463588;33135135;2242416
1072	[4824840]	4824840	4824840;5596332;3776162	4824840;5596332;3776162;11459139;2647374
1073	[4824840]	4824840	4824840;5596332;3776162	4824840;5596332;3776162;11459139;2647374
1074	[14658685]	16167746	16167746;28193026;9420732	16167746;28193026;9420732;13759726;7059897
1075	[14658685]	16167746	16167746;28193026;4392608	16167746;28193026;4392608;9420732;7059897
1081	[5691302]	5691302	5691302;13831842;1428840	5691302;13831842;1428840;25973484;16701509
1084	[5691302]	5691302	5691302;32328114;14566771	5691302;32328114;14566771;23627419;8595678
1085	[5691302]	32159283	32159283;5691302;43629704	32159283;5691302;43629704;34873974;16760369
1087	[39281140]	39281140	39281140;5691302;6112053	39281140;5691302;6112053;5850219;15669393
1090	[17628888]	17628888	17628888;21948782;23577014	17628888;21948782;23577014;7915836;7645565
1091	[2603304]	2603304	2603304;21719289;8144920	2603304;21719289;8144920;11020556;15425958
1096	[29638116]	4417177	4417177;4457834;4380451	4417177;4457834;4380451;21676556;3583084
1097	[26851674]	18038250	18038250;18489989;26851674	18038250;18489989;26851674;4662264;4422868
1098	[13552682]	17077004	17077004;410286;6472746	17077004;410286;6472746;22153455;15327601
1101	[3874000]	31311495	31311495;3874000;43661837	31311495;3874000;43661837;29689140;2682997
1102	[3874000]	31311495	31311495;3874000;43661837	31311495;3874000;43661837;29689140;2682997
1103	[3898784]	3898784	3898784;20554003;14021596	3898784;20554003;14021596;32328114;14566771
1105	[6710713]	6710713	6710713;17374970;28017005	6710713;17374970;28017005;38664102;12789595
1106	[6710713]	6710713	6710713;17374970;28017005	6710713;17374970;28017005;38664102;12789595
1109	[13770184, 8582337]	52188256	52188256;43128141;11630388	52188256;43128141;11630388;49429882;40349336
1111	[1686881]	23117378	23117378;21050357;35724562	23117378;21050357;35724562;2032877;6636088
1112	[1686881]	21616324	21616324;1686881;23117378	21616324;1686881;23117378;44660616;21050357
1114	[12824568]	12824568	12824568;27588420;4321295	12824568;27588420;4321295;11041152;39164524
1115	[44048701]	44048701	44048701;19182166;40343416	44048701;19182166;40343416;26000593;11246427
1118	[23351136]	20829129	20829129;718601;23351136	20829129;718601;23351136;28633594;36386637
1119	[5323845, 18997216, 13907928]	5323845	5323845;26710772;18997216	5323845;26710772;18997216;8596837;13907928
1120	[5323845, 18997216, 13907928]	5323845	5323845;26710772;18997216	5323845;26710772;18997216;8596837;13907928
1125	[21009874]	21009874	21009874;52188256;9646449	21009874;52188256;9646449;12438901;3524352
1126	[21009874]	21009874	21009874;52188256;9056874	21009874;52188256;9056874;9646449;12438901
1127	[27466734]	28149602	28149602;27466734;41264017	28149602;27466734;41264017;5698494;12670680
1128	[33499189, 9283422]	41982985	41982985;6936141;2714623	41982985;6936141;2714623;4389252;4422734
1133	[24142891]	24142891	24142891;16389141;19756935	24142891;16389141;19756935;27588420;6144969
1134	[33370]	11578459	11578459;18600579;22901758	11578459;18600579;22901758;6948886;37686718
1135	[33370]	6923961	6923961;18600579;11578459	6923961;18600579;11578459;22901758;6948886
1136	[33370]	11578459	11578459;18600579;22901758	11578459;18600579;22901758;6948886;37686718
1138	[6796297]	3531388	3531388;25915873;38793927	3531388;25915873;38793927;39776978;10795340
1139	[12009265]	24581365	24581365;8512633;12009265	24581365;8512633;12009265;25513319;22180793
1141	[12009265]	12009265	12009265;24581365;8512633	12009265;24581365;8512633;25513319;22180793
1142	[5260382]	5260382	5260382;9194077;10207180	5260382;9194077;10207180;4407385;15347087
1145	[10071552]	9822397	9822397;33960383;10071552	9822397;33960383;10071552;12224536;13448422
1148	[4828631]	19205326	19205326;4828631;43629704	19205326;4828631;43629704;40949706;33533307
1153	[7370282]	7370282	7370282;3506723;188911	7370282;3506723;188911;5700349;1539159
1156	[12584053]	40949706	40949706;7098463;38752049	40949706;7098463;38752049;22922353;35495268
1157	[12584053]	27188320	27188320;44265107;15966318	27188320;44265107;15966318;33667484;40127292
1158	[12584053]	2787558	2787558;12584053;1456068	2787558;12584053;1456068;11360768;21767325
1159	[12584053]	40949706	40949706;7098463;38752049	40949706;7098463;38752049;22922353;35495268
1161	[13048272]	11902109	11902109;4366738;3360421	11902109;4366738;3360421;4417177;4335423
1162	[15305881]	15305881	15305881;29877890;38300781	15305881;29877890;38300781;29460384;2380002
1164	[4455466]	4312169	4312169;17775228;12887068	4312169;17775228;12887068;406733;8411251
1165	[4455466]	4312169	4312169;17775228;12887068	4312169;17775228;12887068;406733;8411251
1166	[9889151]	9451052	9451052;9889151;5966635	9451052;9889151;5966635;8411251;18038955
1168	[8563659]	8563659	8563659;5735492;40584205	8563659;5735492;40584205;12966719;46355579
1169	[4319174]	4319174	4319174;14865329;29381091	4319174;14865329;29381091;4854076;52865789
1170	[18956141]	18956141	18956141;83308790;23305884	18956141;83308790;23305884;7046487;14615911
1171	[18956141]	18956141	18956141;83308790;23305884	18956141;83308790;23305884;14615911;7046487
1173	[7370282]	7370282	7370282;8563659;2603304	7370282;8563659;2603304;6767271;12885341
1174	[31272411]	38899659	38899659;16058322;15419873	38899659;16058322;15419873;10627801;2566674
1176	[13910150]	13910150	13910150;4423327;13955536	13910150;4423327;13955536;1649738;2541699
1177	[13910150]	13910150	13910150;4423327;2541699	13910150;4423327;2541699;13955536;1649738
1178	[31272411]	612002	612002;16058322;6144337	612002;16058322;6144337;22191759;10627801
1181	[301838, 2734421, 39128592, 3952288]	3952288	3952288;39128592;2734421	3952288;39128592;2734421;301838;32906513
1182	[14541844]	8909176	8909176;14541844;13613916	8909176;14541844;13613916;32712381;1631583
1183	[1967017]	1967017	1967017;36242796;40367499	1967017;36242796;40367499;22067786;23932173
1184	[16737210]	41774099	41774099;16737210;21859699	41774099;16737210;21859699;26025820;43855756
1186	[7485455]	30844602	30844602;6173523;21495419	30844602;6173523;21495419;25811797;45218443
1188	[4394817]	7688110	7688110;25251625;4394817	7688110;25251625;4394817;502591;41710132
1190	[30655442]	7211056	7211056;14482051;11498670	7211056;14482051;11498670;86704258;5252837
1193	[20532591]	20532591	20532591;14865329;39187170	20532591;14865329;39187170;19205437;36558211
1195	[26283293]	26283293	26283293;47240151;5473074	26283293;47240151;5473074;23938319;22191759
1205	[5558754]	5558754	5558754;25028913;20127522	5558754;25028913;20127522;33835579;13083189
1206	[18909530]	735130	735130;18909530;46277811	735130;18909530;46277811;40090058;42787108
1208	[10284593]	2389574	2389574;2291922;17327939	2389574;2291922;17327939;42065070;27567994
1209	[4347374]	4231060	4231060;2638387;544971	4231060;2638387;544971;32556431;44366096
1210	[4928282]	4928282	4928282;5304891;25315295	4928282;5304891;25315295;13636631;35764259
1211	[4928282]	4928282	4928282;5304891;25315295	4928282;5304891;25315295;13636631;35764259
1212	[6493422, 44724517]	36444198	36444198;25499612;7489663	36444198;25499612;7489663;17934603;8317408
1214	[6493422, 14407673]	36444198	36444198;4418878;14492339	36444198;4418878;14492339;7948486;17934603
1215	[16355392]	6517267	6517267;26025820;5106691	6517267;26025820;5106691;14753395;27545868
1218	[15635366]	3829232	3829232;26996935;15635366	3829232;26996935;15635366;3512154;20935673
1219	[9393969, 14864285]	9393969	9393969;1576955;14864285	9393969;1576955;14864285;16267205;14544564
1220	[13023410]	8247597	8247597;1941721;4391121	8247597;1941721;4391121;5824955;24923605
1223	[5289038]	15889329	15889329;26474812;6501747	15889329;26474812;6501747;11581157;5289038
1224	[21932050, 34016987]	26873988	26873988;21932050;26133404	26873988;21932050;26133404;30933307;7224723
1227	[25641414]	25641414	25641414;881332;13097856	25641414;881332;13097856;7662395;25806385
1228	[25641414]	25641414	25641414;881332;13097856	25641414;881332;13097856;7662395;33257464
1229	[1676568]	13007205	13007205;1676568;22505710	13007205;1676568;22505710;6969753;3093512
1230	[13905670]	13905670	13905670;25315295;29509926	13905670;25315295;29509926;28937856;1967017
1231	[13905670]	13905670	13905670;2844490;4427060	13905670;2844490;4427060;26735018;28937856
1234	[13905670]	8639034	8639034;26068103;9334631	8639034;26068103;9334631;854417;37762357
1235	[17973161]	29381091	29381091;14865329;4854076	29381091;14865329;4854076;4319174;18064113
1236	[17973161]	14865329	14865329;29381091;4854076	14865329;29381091;4854076;4319174;18064113
1237	[3654468]	3654468	3654468;11939159;17591478	3654468;11939159;17591478;37628989;15968271
1238	[3654468]	3654468	3654468;37628989;17591478	3654468;37628989;17591478;15968271;5551138
1239	[21387297, 4427392]	6148876	6148876;4020950;5002665	6148876;4020950;5002665;26899920;21392223
1244	[18949516]	18949516	18949516;4388082;4457834	18949516;4388082;4457834;36178047;5145974
1246	[7662395]	39593548	39593548;27099731;8906858	39593548;27099731;8906858;17877537;7662395
1247	[5114282]	36606083	36606083;19974105;34982259	36606083;19974105;34982259;164189;8250852
1248	[7209559]	7209559	7209559;18537148;11246427	7209559;18537148;11246427;44572913;16812091
1249	[7209559]	7209559	7209559;11246427;16812091	7209559;11246427;16812091;14103509;19878070
1253	[3321943]	12827098	12827098;2192419;4928057	12827098;2192419;4928057;25068298;38793927
1254	[16939583]	23036207	23036207;4423559;28193026	23036207;4423559;28193026;8502193;38727075
1255	[16939583]	23036207	23036207;11902109;16939583	23036207;11902109;16939583;6913227;9047718
1257	[581832]	25451374	25451374;14319754;14682243	25451374;14319754;14682243;24273592;1215116
1258	[12040627]	14191255	14191255;5448119;11532028	14191255;5448119;11532028;32181055;4407318
1260	[24341590]	12438901	12438901;313403;13069283	12438901;313403;13069283;17163294;2140497
1261	[13023410]	8247597	8247597;1941721;5824955	8247597;1941721;5824955;4391121;24923605
1263	[3981729]	3981729	3981729;46816158;19099739	3981729;46816158;19099739;3893473;8460275
1265	[37480103]	37480103	37480103;2140497;4886637	37480103;2140497;4886637;32534305;13831558
1268	[52072815]	52072815	52072815;46437558;26456326	52072815;46437558;26456326;5939172;17236106
1269	[13900610]	13900610	13900610;20491205;14843502	13900610;20491205;14843502;34227917;43855756
1275	[27731651]	4406819	4406819;22632303;7145763	4406819;22632303;7145763;27731651;7481159
1276	[3475317]	3475317	3475317;34615397;16066726	3475317;34615397;16066726;195683603;7735859
1284	[3578380]	3578380	3578380;32421068;11939159	3578380;32421068;11939159;2492146;34481589
1288	[4687948]	4687948	4687948;16812091;1522336	4687948;16812091;1522336;7454794;40156901
1289	[21239672]	16511863	16511863;21239672;15925931	16511863;21239672;15925931;28264919;27550580
1291	[56893404]	17656445	17656445;4886637;17324544	17656445;4886637;17324544;2138843;56893404
1293	[43329366]	43329366	43329366;17625068;380526	43329366;17625068;380526;41264017;1428840
1294	[2078658, 30507607]	22937815	22937815;4896726;24530633	22937815;4896726;24530633;23208167;9732010
1295	[21239672]	16511863	16511863;21239672;15925931	16511863;21239672;15925931;28264919;27550580
1297	[9167230]	9167230	9167230;3716075;13770184	9167230;3716075;13770184;5558754;42291761
1300	[6421792]	1373287	1373287;19497526;3270834	1373287;19497526;3270834;36904081;17163294
1302	[12631697]	37673301	37673301;4460880;4164929	37673301;4460880;4164929;43566999;12631697
1304	[12631697]	37673301	37673301;4460880;37438296	37673301;4460880;37438296;43566999;12631697
1305	[12631697]	12631697	12631697;37673301;37438296	12631697;37673301;37438296;43566999;20186814
1306	[6000423, 5836]	14644164	14644164;23273454;17023584	14644164;23273454;17023584;32927401;21498497
1307	[18231807]	25842866	25842866;1574014;13023410	25842866;1574014;13023410;8494570;37549932
1308	[18231807]	6212802	6212802;6270720;2734421	6212802;6270720;2734421;23195674;14644164
1309	[18231807]	25842866	25842866;1574014;8494570	25842866;1574014;8494570;37549932;10906636
1310	[8042158]	12956194	12956194;3610282;32909242	12956194;3610282;32909242;8042158;16979690
1311	[13763195]	14050257	14050257;9655347;18924534	14050257;9655347;18924534;515489;5519177
1312	[24177706]	24177706	24177706;29509926;25315295	24177706;29509926;25315295;49208216;8702697
1314	[13072112, 16237005]	14082855	14082855;13907928;29183629	14082855;13907928;29183629;5254463;18694784
1315	[13072112, 16237005]	30101891	30101891;13907928;14082855	30101891;13907928;14082855;29183629;5254463
1322	[16284655]	16284655	16284655;37699461;16939583	16284655;37699461;16939583;11902109;14192687
1323	[19912367]	19912367	19912367;6334188;20418809	19912367;6334188;20418809;4326318;13915464
1324	[19912367]	19912367	19912367;6334188;4326318	19912367;6334188;4326318;13915464;20418809
1325	[40476126]	30041895	30041895;23260700;9197092	30041895;23260700;9197092;6121668;19546104
1327	[24241932, 22194407]	24241932	24241932;33835579;4883040	24241932;33835579;4883040;35079452;341324
1328	[3475317]	3475317	3475317;16066726;34615397	3475317;16066726;34615397;5377059;2506153
1330	[14075252]	25315295	25315295;29509926;25726838	25315295;29509926;25726838;8702697;17223891
1331	[14075252]	25315295	25315295;29509926;25726838	25315295;29509926;25726838;8702697;17223891
1333	[1649738]	1649738	1649738;1153655;2360905	1649738;1153655;2360905;15081770;6559701
1334	[13923140, 13940200, 11899391]	266641	266641;6123924;25571386	266641;6123924;25571386;2138843;1974176
1340	[15482274]	15482274	15482274;84580585;52874170	15482274;84580585;52874170;17911973;25806385
1341	[15482274]	15482274	15482274;52874170;17911973	15482274;52874170;17911973;25806385;1944452
1342	[8148122]	4037034	4037034;8759633;8148122	4037034;8759633;8148122;27840664;4767806
1345	[9559146]	42489926	42489926;11903247;7225911	42489926;11903247;7225911;4389394;9669099
1346	[9505402]	9505402	9505402;22401720;34066665	9505402;22401720;34066665;26973393;22980205
1347	[19005293]	19005293	19005293;24879055;3835423	19005293;24879055;3835423;8300657;21878751
1348	[19005293]	19005293	19005293;24879055;3835423	19005293;24879055;3835423;8300657;21878751
1349	[5377642]	5377642	5377642;3870062;3981033	5377642;3870062;3981033;17844478;10648422
1350	[5377642]	5377642	5377642;3870062;17844478	5377642;3870062;17844478;10648422;20261352
1351	[28369117]	28369117	28369117;16090672;21598000	28369117;16090672;21598000;7925817;15426878
1353	[18816720]	2097256	2097256;41264017;3716075	2097256;41264017;3716075;13179318;17454301
1355	[5256564]	24185667	24185667;5256564;25251625	24185667;5256564;25251625;32922179;27665523
1356	[13764090]	13764090	13764090;2264455;10675756	13764090;2264455;10675756;24190159;26735018
1360	[11614737]	11614737	11614737;5114940;24019260	11614737;5114940;24019260;5551138;1759213
1361	[15488881, 15058155]	15488881	15488881;15058155;26297042	15488881;15058155;26297042;38587347;14938990
1364	[8290953]	1122279	1122279;23513718;79447	1122279;23513718;79447;8290953;16626846
1366	[4406819]	4406819	4406819;38300781;15482274	4406819;38300781;15482274;16736883;8246090
1367	[2425364]	17450673	17450673;21380348;23267371	17450673;21380348;23267371;16322674;5487448
1371	[16256507]	16256507	16256507;44572913;23267371	16256507;44572913;23267371;13780287;12009265
1372	[21003930]	21003930	21003930;2248870;1800734	21003930;2248870;1800734;21287352;20606520
1373	[21003930]	21003930	21003930;2248870;1800734	21003930;2248870;1800734;21287352;20606520
1374	[21993510]	4857093	4857093;23245050;2659805	4857093;23245050;2659805;9244474;21623140
1375	[21993510]	4857093	4857093;2659805;23245050	4857093;2659805;23245050;9244474;21623140
1376	[3944632]	23639838	23639838;19408393;22509015	23639838;19408393;22509015;41340212;3944632
1378	[2488880]	29253460	29253460;2488880;12561083	29253460;2488880;12561083;15984735;20526907
1380	[16322674, 23557241, 17450673]	17450673	17450673;37480103;16322674	17450673;37480103;16322674;5487448;2140497
1381	[13481880]	11535539	11535539;13481880;1387654	11535539;13481880;1387654;42782688;52873726
1383	[17755060]	9483851	9483851;3831884;4430962	9483851;3831884;4430962;1344498;35543846
1386	[306006]	306006	306006;9283422;12265561	306006;9283422;12265561;13639330;994800
1387	[9669099]	25419778	25419778;6896063;15521377	25419778;6896063;15521377;35543846;17412260
1390	[2890952]	2890952	2890952;13552682;34498325	2890952;13552682;34498325;152245;16929739
1391	[6766459]	6766459	6766459;53211308;23126677	6766459;53211308;23126677;28704738;129199129
1392	[6766459]	6766459	6766459;53211308;23126677	6766459;53211308;23126677;25523969;14362780
1393	[2000038, 12440953]	8006440	8006440;86602746;23727313	8006440;86602746;23727313;32556431;2619579
1394	[2251426]	8006440	8006440;2619579;23727313	8006440;2619579;23727313;86602746;32556431
1397	[17717391]	19343151	19343151;18218379;13923069	19343151;18218379;13923069;26008462;7506409
1398	[17717391]	19343151	19343151;18218379;7506409	19343151;18218379;7506409;6969753;4452659
1400	[14706752]	368506	368506;14706752;25251625	368506;14706752;25251625;11630388;2543135
1401	[5185871]	3878434	3878434;5185871;27054878	3878434;5185871;27054878;26314743;39059143
1402	[8126244]	20524091	20524091;8411251;29877890	20524091;8411251;29877890;37164306;14920021
1403	[33370, 38355793]	33370	33370;38355793;7986878	33370;38355793;7986878;40412980;45764440
1404	[33370, 38355793]	38355793	38355793;33370;7986878	38355793;33370;7986878;40412980;45764440
1405	[10504681]	20402596	20402596;38675228;10504681	20402596;38675228;10504681;5849439;19950357
1406	[2617858]	2617858	2617858;4465762;4857085	2617858;4465762;4857085;13963620;10577574
1407	[8087082, 29863668]	3801693	3801693;16090672;4820792	3801693;16090672;4820792;30224907;7549811
